{"cameraMode":{"drawMode":0,"name":"Shaded","section":"Shading Mode"},"sceneLighting":true,"audioPlay":false,"sceneViewState":{"showFog":true,"showMaterialUpdate":false,"showSkybox":true,"showFlares":true,"showImageEffects":true,"showParticleSystems":true},"in2DMode":false,"pivot":{"x":6.041613578796387,"y":81.93330383300781,"z":107.75019836425781},"rotation":{"x":-0.4718298316001892,"y":0.5264059901237488,"z":-0.4695732593536377,"w":-0.528937041759491},"size":11.800000190734864,"orthographic":false}