{"cameraMode":{"drawMode":0,"name":"Shaded","section":"Shading Mode"},"sceneLighting":false,"audioPlay":false,"sceneViewState":{"showFog":true,"showMaterialUpdate":false,"showSkybox":true,"showFlares":true,"showImageEffects":true,"showParticleSystems":true},"in2DMode":false,"pivot":{"x":-0.0003604888916015625,"y":1.2734296321868897,"z":-0.032451629638671878},"rotation":{"x":-0.08209818601608277,"y":0.698989987373352,"z":-0.08131366223096848,"w":-0.7057344317436218},"size":11.11503791809082,"orthographic":false}